t,Location,month,service_medical_L,service_medical_M,service_medical_H,service_info_legal_L,service_info_legal_M,service_info_legal_H,product_food_clothing_L,product_food_clothing_M,product_food_clothing_H,product_nonfood_items_clothing_L,product_nonfood_items_clothing_M,product_nonfood_items_clothing_H,product_housing_L,product_housing_M,product_housing_H
0,Austria,2022-02-01,34,47,200,68,93,400,136,186,800,68,93,400,34,47,200
0,Belgium,2022-02-01,0,0,0,1,0,0,2,0,0,1,0,0,0,0,0
0,Germany,2022-02-01,86,40,124,172,81,248,344,162,496,172,81,248,86,40,124
0,Moldova,2022-02-01,524,552,650,643,556,538,608,680,541,685,722,621,632,662,714
0,Ukraine,2022-02-01,602,770,606,571,688,520,602,621,714,587,599,651,630,649,757
0,UnitedState,2022-02-01,45,31,100,91,61,200,182,123,400,91,61,200,45,31,100
1,Austria,2022-03-01,880,921,3415,1761,1842,6830,3521,3685,13660,1761,1842,6830,880,921,3415
1,Belgium,2022-03-01,317,197,578,634,395,1157,1268,789,2314,634,395,1157,317,197,578
1,France,2022-03-01,266,103,196,531,207,392,1063,413,784,531,207,392,266,103,196
1,Germany,2022-03-01,2635,1438,5228,5269,2876,10457,10538,5752,20913,5269,2876,10457,2635,1438,5228
1,Moldova,2022-03-01,720,734,645,738,575,508,573,752,729,506,673,640,667,669,782
1,Ukraine,2022-03-01,793,691,776,660,521,752,735,548,558,669,687,770,689,674,550
1,UnitedState,2022-03-01,338,212,568,676,424,1135,1352,848,2271,676,424,1135,338,212,568
10,Austria,2022-12-01,59,169,1909,118,338,3817,236,676,7635,118,338,3817,59,169,1909
10,Belgium,2022-12-01,78,61,525,156,123,1050,313,246,2101,156,123,1050,78,61,525
10,Denmark,2022-12-01,71,45,398,142,90,797,284,180,1593,142,90,797,71,45,398
10,France,2022-12-01,92,160,710,184,320,1419,368,640,2838,184,320,1419,92,160,710
10,Germany,2022-12-01,444,311,2188,887,621,4377,1774,1243,8754,887,621,4377,444,311,2188
10,Hungry,2022-12-01,2,1,0,5,1,0,10,3,1,5,1,0,2,1,0
10,Moldova,2022-12-01,621,693,504,528,664,635,644,716,800,631,791,569,751,774,681
10,Romania,2022-12-01,12,4,11,23,7,23,46,14,46,23,7,23,12,4,11
10,Slovakia,2022-12-01,17,7,18,33,14,36,67,28,71,33,14,36,17,7,18
10,Switzerland,2022-12-01,34,56,173,67,111,347,134,222,694,67,111,347,34,56,173
10,Ukraine,2022-12-01,554,743,630,634,520,666,773,588,513,741,764,552,591,763,534
10,UnitedState,2022-12-01,63,30,90,126,61,181,252,122,361,126,61,181,63,30,90
11,Austria,2023-01-01,61,181,1814,121,363,3627,242,725,7254,121,363,3627,61,181,1814
11,Belgium,2023-01-01,63,74,580,126,148,1160,252,296,2320,126,148,1160,63,74,580
11,Denmark,2023-01-01,71,47,459,142,94,919,283,188,1837,142,94,919,71,47,459
11,France,2023-01-01,88,156,770,177,311,1540,353,623,3080,177,311,1540,88,156,770
11,Germany,2023-01-01,456,309,1888,912,619,3777,1824,1237,7553,912,619,3777,456,309,1888
11,Hungry,2023-01-01,0,0,0,0,0,0,0,0,0,0,0,0,0,0,0
11,Moldova,2023-01-01,666,590,701,518,538,625,672,640,741,719,625,557,647,500,689
11,Romania,2023-01-01,7,2,9,15,5,18,29,10,36,15,5,18,7,2,9
11,Slovakia,2023-01-01,15,7,21,30,14,42,60,28,84,30,14,42,15,7,21
11,Switzerland,2023-01-01,39,66,187,78,133,374,157,265,748,78,133,374,39,66,187
11,Ukraine,2023-01-01,705,580,549,501,553,605,759,690,717,543,661,701,769,770,714
11,UnitedState,2023-01-01,58,35,99,115,70,198,231,140,397,115,70,198,58,35,99
12,Austria,2023-02-01,50,191,1790,101,382,3579,202,764,7158,101,382,3579,50,191,1790
12,Belgium,2023-02-01,72,75,506,145,150,1011,290,301,2022,145,150,1011,72,75,506
12,Denmark,2023-02-01,54,44,393,108,87,786,215,174,1572,108,87,786,54,44,393
12,France,2023-02-01,86,125,633,173,250,1267,345,500,2534,173,250,1267,86,125,633
12,Germany,2023-02-01,339,277,1643,678,554,3285,1356,1108,6571,678,554,3285,339,277,1643
12,Hungry,2023-02-01,2,1,0,5,2,0,9,4,0,5,2,0,2,1,0
12,Moldova,2023-02-01,690,616,633,557,543,672,659,672,648,579,712,702,751,728,663
12,Romania,2023-02-01,4,1,14,8,2,29,16,5,58,8,2,29,4,1,14
12,Slovakia,2023-02-01,10,4,99,20,7,198,40,14,396,20,7,198,10,4,99
12,Switzerland,2023-02-01,33,52,164,65,104,328,131,208,656,65,104,328,33,52,164
12,Ukraine,2023-02-01,751,689,795,712,707,736,552,779,716,751,687,540,656,514,800
12,UnitedState,2023-02-01,60,30,70,120,59,139,240,119,278,120,59,139,60,30,70
13,Austria,2023-03-01,56,164,1652,113,329,3305,226,658,6610,113,329,3305,56,164,1652
13,Belgium,2023-03-01,56,73,496,111,147,993,223,294,1986,111,147,993,56,73,496
13,Denmark,2023-03-01,56,43,502,113,85,1005,226,170,2010,113,85,1005,56,43,502
13,France,2023-03-01,79,142,660,159,284,1319,317,568,2639,159,284,1319,79,142,660
13,Germany,2023-03-01,346,255,1546,691,510,3093,1383,1020,6186,691,510,3093,346,255,1546
13,Hungry,2023-03-01,4,2,1,9,4,2,18,7,5,9,4,2,4,2,1
13,Moldova,2023-03-01,726,646,519,546,732,513,642,500,553,758,643,511,723,771,655
13,Poland,2023-03-01,23,25,55,46,50,110,92,100,220,46,50,110,23,25,55
13,Romania,2023-03-01,11,7,22,23,13,45,45,27,90,23,13,45,11,7,22
13,Slovakia,2023-03-01,3,1,50,7,1,100,13,3,200,7,1,100,3,1,50
13,Switzerland,2023-03-01,31,56,154,62,111,309,124,222,618,62,111,309,31,56,154
13,Ukraine,2023-03-01,564,508,628,635,562,638,580,662,788,760,730,540,527,634,700
13,UnitedState,2023-03-01,50,35,68,101,69,136,202,138,272,101,69,136,50,35,68
14,Austria,2023-04-01,40,142,1403,80,283,2805,161,567,5611,80,283,2805,40,142,1403
14,Belgium,2023-04-01,59,74,444,118,148,887,236,296,1775,118,148,887,59,74,444
14,Denmark,2023-04-01,43,36,366,86,72,733,171,144,1466,86,72,733,43,36,366
14,France,2023-04-01,65,95,526,130,190,1051,260,380,2102,130,190,1051,65,95,526
14,Germany,2023-04-01,276,212,1373,552,424,2746,1104,848,5493,552,424,2746,276,212,1373
14,Hungry,2023-04-01,4,2,2,7,3,5,14,7,10,7,3,5,4,2,2
14,Moldova,2023-04-01,507,621,663,589,635,685,677,527,719,540,727,691,644,700,711
14,Poland,2023-04-01,45,65,176,90,130,353,180,261,706,90,130,353,45,65,176
14,Romania,2023-04-01,14,5,16,29,11,31,57,21,62,29,11,31,14,5,16
14,Slovakia,2023-04-01,2,0,47,3,0,94,6,0,187,3,0,94,2,0,47
14,Switzerland,2023-04-01,28,45,130,56,91,259,112,182,518,56,91,259,28,45,130
14,Ukraine,2023-04-01,767,532,547,561,715,792,598,671,713,534,726,600,630,756,504
14,UnitedState,2023-04-01,34,17,49,68,34,99,135,68,198,68,34,99,34,17,49
15,Austria,2023-05-01,41,124,1344,82,247,2688,163,494,5375,82,247,2688,41,124,1344
15,Belgium,2023-05-01,55,60,389,110,121,778,221,242,1556,110,121,778,55,60,389
15,Denmark,2023-05-01,40,24,326,81,48,652,162,97,1303,81,48,652,40,24,326
15,France,2023-05-01,50,89,517,99,178,1034,199,356,2067,99,178,1034,50,89,517
15,Germany,2023-05-01,310,236,1455,620,471,2910,1240,942,5820,620,471,2910,310,236,1455
15,Hungry,2023-05-01,2,1,2,5,2,4,10,4,8,5,2,4,2,1,2
15,Moldova,2023-05-01,719,739,545,534,752,581,755,696,509,785,741,750,504,618,788
15,Poland,2023-05-01,34,61,163,69,122,326,137,244,652,69,122,326,34,61,163
15,Romania,2023-05-01,13,5,20,27,9,40,54,19,80,27,9,40,13,5,20
15,Slovakia,2023-05-01,4,1,49,9,1,97,18,2,194,9,1,97,4,1,49
15,Switzerland,2023-05-01,31,54,156,62,109,311,125,218,622,62,109,311,31,54,156
15,Ukraine,2023-05-01,717,754,782,706,514,541,678,562,730,740,551,595,721,730,736
15,UnitedState,2023-05-01,42,20,66,85,40,132,170,80,265,85,40,132,42,20,66
16,Austria,2023-06-01,46,117,1007,92,233,2014,184,466,4029,92,233,2014,46,117,1007
16,Belgium,2023-06-01,57,57,386,114,114,772,228,228,1543,114,114,772,57,57,386
16,Denmark,2023-06-01,41,48,323,82,96,645,164,192,1291,82,96,645,41,48,323
16,France,2023-06-01,52,73,396,103,145,792,206,290,1584,103,145,792,52,73,396
16,Germany,2023-06-01,309,272,1778,619,544,3556,1237,1088,7111,619,544,3556,309,272,1778
16,Hungry,2023-06-01,6,2,0,11,4,1,23,8,2,11,4,1,6,2,0
16,Moldova,2023-06-01,564,645,723,738,676,766,781,562,716,782,676,597,604,598,505
16,Poland,2023-06-01,31,58,140,62,116,280,124,232,560,62,116,280,31,58,140
16,Romania,2023-06-01,12,3,13,25,5,26,50,11,53,25,5,26,12,3,13
16,Slovakia,2023-06-01,4,1,48,9,2,97,17,4,193,9,2,97,4,1,48
16,Switzerland,2023-06-01,23,46,175,46,93,349,92,186,699,46,93,349,23,46,175
16,Ukraine,2023-06-01,642,670,528,535,512,659,686,742,585,783,565,669,544,561,633
16,UnitedState,2023-06-01,37,20,55,73,40,110,147,80,219,73,40,110,37,20,55
17,Austria,2023-07-01,49,136,1151,97,272,2301,195,544,4602,97,272,2301,49,136,1151
17,Belgium,2023-07-01,53,57,360,106,115,720,212,229,1441,106,115,720,53,57,360
17,Denmark,2023-07-01,39,24,186,78,49,372,157,97,744,78,49,372,39,24,186
17,France,2023-07-01,56,77,444,111,153,888,222,306,1775,111,153,888,56,77,444
17,Germany,2023-07-01,302,288,1904,604,576,3807,1208,1152,7615,604,576,3807,302,288,1904
17,Hungry,2023-07-01,5,16,72,9,32,145,19,64,289,9,32,145,5,16,72
17,Moldova,2023-07-01,696,632,758,522,552,664,701,582,644,584,577,500,550,672,704
17,Poland,2023-07-01,25,53,142,50,105,283,100,211,567,50,105,283,25,53,142
17,Romania,2023-07-01,10,3,16,21,5,32,42,11,64,21,5,32,10,3,16
17,Slovakia,2023-07-01,4,2,47,8,3,94,16,6,188,8,3,94,4,2,47
17,Switzerland,2023-07-01,20,53,156,40,105,313,80,210,625,40,105,313,20,53,156
17,Ukraine,2023-07-01,783,527,607,543,785,627,730,689,724,782,620,615,732,758,697
17,UnitedState,2023-07-01,21,11,46,42,22,92,84,44,184,42,22,92,21,11,46
18,Austria,2023-08-01,54,132,952,108,263,1904,216,526,3808,108,263,1904,54,132,952
18,Belgium,2023-08-01,66,45,372,132,90,744,264,180,1488,132,90,744,66,45,372
18,Denmark,2023-08-01,35,22,237,71,45,475,142,89,950,71,45,475,35,22,237
18,France,2023-08-01,45,74,384,90,148,767,180,296,1535,90,148,767,45,74,384
18,Germany,2023-08-01,270,265,1730,539,530,3460,1079,1060,6920,539,530,3460,270,265,1730
18,Hungry,2023-08-01,17,9,242,33,19,484,67,38,968,33,19,484,17,9,242
18,Moldova,2023-08-01,759,787,533,594,571,538,653,749,661,617,758,767,553,735,721
18,Poland,2023-08-01,26,46,146,52,91,292,104,183,584,52,91,292,26,46,146
18,Romania,2023-08-01,11,3,14,22,5,28,45,10,56,22,5,28,11,3,14
18,Slovakia,2023-08-01,2,1,48,4,1,96,9,2,193,4,1,96,2,1,48
18,Switzerland,2023-08-01,24,55,304,49,110,609,98,219,1218,49,110,609,24,55,304
18,Ukraine,2023-08-01,636,664,724,733,671,651,659,595,732,679,612,551,767,794,612
18,UnitedState,2023-08-01,19,16,41,38,32,83,76,64,166,38,32,83,19,16,41
19,Austria,2023-09-01,44,123,950,89,246,1900,178,492,3801,89,246,1900,44,123,950
19,Belgium,2023-09-01,43,37,266,85,73,531,171,147,1062,85,73,531,43,37,266
19,Denmark,2023-09-01,28,17,255,56,34,510,112,68,1019,56,34,510,28,17,255
19,France,2023-09-01,41,62,386,82,124,772,165,248,1544,82,124,772,41,62,386
19,Germany,2023-09-01,246,218,1482,491,436,2964,983,872,5928,491,436,2964,246,218,1482
19,Hungry,2023-09-01,25,47,199,50,93,398,100,186,796,50,93,398,25,47,199
19,Moldova,2023-09-01,750,611,754,706,728,565,574,602,691,751,725,793,597,785,748
19,Poland,2023-09-01,21,34,145,42,69,289,84,137,578,42,69,289,21,34,145
19,Romania,2023-09-01,9,2,13,17,4,26,34,8,52,17,4,26,9,2,13
19,Slovakia,2023-09-01,2,0,46,5,1,92,10,2,185,5,1,92,2,0,46
19,Switzerland,2023-09-01,15,46,258,30,92,515,61,183,1030,30,92,515,15,46,258
19,Ukraine,2023-09-01,600,612,580,686,612,501,629,719,553,723,724,625,629,552,671
19,UnitedState,2023-09-01,27,14,46,54,28,92,108,55,183,54,28,92,27,14,46
2,Austria,2022-04-01,558,714,3290,1115,1428,6581,2230,2856,13162,1115,1428,6581,558,714,3290
2,Belgium,2022-04-01,263,146,550,525,292,1100,1051,583,2199,525,292,1100,263,146,550
2,France,2022-04-01,365,182,478,731,363,957,1462,726,1914,731,363,957,365,182,478
2,Germany,2022-04-01,1520,996,4204,3041,1991,8408,6081,3982,16817,3041,1991,8408,1520,996,4204
2,Moldova,2022-04-01,665,529,746,605,550,580,632,784,637,683,772,568,533,761,552
2,Ukraine,2022-04-01,717,659,697,746,702,683,622,754,793,779,597,697,739,643,596
2,UnitedState,2022-04-01,1092,548,1072,2184,1097,2144,4369,2194,4288,2184,1097,2144,1092,548,1072
20,Austria,2023-10-01,44,108,1129,88,216,2257,176,431,4515,88,216,2257,44,108,1129
20,Belgium,2023-10-01,44,38,302,89,77,604,178,154,1207,89,77,604,44,38,302
20,Denmark,2023-10-01,37,20,182,75,40,364,149,79,728,75,40,364,37,20,182
20,France,2023-10-01,34,51,299,69,101,598,137,203,1196,69,101,598,34,51,299
20,Germany,2023-10-01,240,231,1480,479,463,2959,958,926,5918,479,463,2959,240,231,1480
20,Hungry,2023-10-01,15,9,82,30,17,164,60,34,327,30,17,164,15,9,82
20,Moldova,2023-10-01,704,625,734,542,739,610,748,650,682,594,507,683,780,694,694
20,Poland,2023-10-01,20,27,135,40,55,270,80,109,540,40,55,270,20,27,135
20,Romania,2023-10-01,11,4,29,22,7,58,44,15,116,22,7,58,11,4,29
20,Slovakia,2023-10-01,1,0,47,2,1,93,4,2,186,2,1,93,1,0,47
20,Switzerland,2023-10-01,24,48,439,47,96,877,94,192,1755,47,96,877,24,48,439
20,Ukraine,2023-10-01,700,623,686,758,647,751,646,647,698,627,538,628,766,650,797
20,UnitedState,2023-10-01,27,15,52,53,29,103,106,59,206,53,29,103,27,15,52
21,Austria,2023-11-01,32,67,525,64,133,1049,128,267,2098,64,133,1049,32,67,525
21,Belgium,2023-11-01,34,50,278,68,100,556,135,199,1112,68,100,556,34,50,278
21,Denmark,2023-11-01,36,16,187,71,32,375,143,64,750,71,32,375,36,16,187
21,France,2023-11-01,38,45,244,76,91,488,152,181,976,76,91,488,38,45,244
21,Germany,2023-11-01,205,190,1483,409,380,2967,818,760,5934,409,380,2967,205,190,1483
21,Hungry,2023-11-01,18,12,139,37,25,278,73,49,555,37,25,278,18,12,139
21,Moldova,2023-11-01,654,592,659,560,621,550,776,504,591,669,521,500,632,732,511
21,Poland,2023-11-01,13,26,100,26,53,200,52,106,400,26,53,200,13,26,100
21,Romania,2023-11-01,15,7,36,30,14,73,59,27,145,30,14,73,15,7,36
21,Slovakia,2023-11-01,1,0,46,2,1,91,5,1,183,2,1,91,1,0,46
21,Switzerland,2023-11-01,23,51,429,45,102,857,91,204,1714,45,102,857,23,51,429
21,Ukraine,2023-11-01,598,762,751,643,611,559,501,753,639,536,659,508,732,598,646
21,UnitedState,2023-11-01,19,7,26,39,14,51,77,27,102,39,14,51,19,7,26
22,Austria,2023-12-01,20,34,150,39,67,299,78,134,598,39,67,299,20,34,150
22,Belgium,2023-12-01,32,29,191,63,58,382,127,117,763,63,58,382,32,29,191
22,Denmark,2023-12-01,33,21,222,66,42,445,132,83,890,66,42,445,33,21,222
22,France,2023-12-01,29,46,269,58,92,538,115,184,1076,58,92,538,29,46,269
22,Germany,2023-12-01,183,181,1494,365,362,2989,730,724,5977,365,362,2989,183,181,1494
22,Hungry,2023-12-01,28,16,252,55,31,503,110,63,1006,55,31,503,28,16,252
22,Moldova,2023-12-01,545,533,577,717,800,572,781,748,546,620,713,738,555,606,547
22,Poland,2023-12-01,13,30,104,25,61,207,51,122,415,25,61,207,13,30,104
22,Romania,2023-12-01,8,4,47,16,7,94,32,14,189,16,7,94,8,4,47
22,Slovakia,2023-12-01,0,0,46,1,0,92,2,0,185,1,0,92,0,0,46
22,Switzerland,2023-12-01,15,28,166,30,56,332,60,112,665,30,56,332,15,28,166
22,Ukraine,2023-12-01,707,630,651,553,619,660,615,574,612,603,753,726,611,598,652
22,UnitedState,2023-12-01,16,4,17,32,7,35,63,14,69,32,7,35,16,4,17
23,Austria,2024-01-01,24,36,146,48,72,293,96,144,585,48,72,293,24,36,146
23,Belgium,2024-01-01,43,39,226,85,78,451,170,155,902,85,78,451,43,39,226
23,Denmark,2024-01-01,38,22,265,76,45,530,153,90,1061,76,45,530,38,22,265
23,France,2024-01-01,35,43,309,70,85,617,139,171,1234,70,85,617,35,43,309
23,Germany,2024-01-01,228,230,1763,456,461,3527,912,921,7054,456,461,3527,228,230,1763
23,Hungry,2024-01-01,37,21,703,74,42,1406,148,84,2813,74,42,1406,37,21,703
23,Moldova,2024-01-01,560,525,791,756,507,612,752,679,706,626,555,713,513,527,577
23,Poland,2024-01-01,19,38,191,39,76,381,77,152,762,39,76,381,19,38,191
23,Romania,2024-01-01,9,7,34,17,14,67,34,27,134,17,14,67,9,7,34
23,Slovakia,2024-01-01,2,1,46,4,2,93,9,3,186,4,2,93,2,1,46
23,Switzerland,2024-01-01,22,42,188,44,83,376,89,167,751,44,83,376,22,42,188
23,Ukraine,2024-01-01,693,662,707,668,660,567,788,776,634,694,627,532,675,521,737
23,UnitedState,2024-01-01,11,5,18,22,11,36,45,22,72,22,11,36,11,5,18
24,Austria,2024-02-01,21,39,157,42,77,314,84,155,628,42,77,314,21,39,157
24,Belgium,2024-02-01,29,34,178,59,68,356,117,136,712,59,68,356,29,34,178
24,Denmark,2024-02-01,28,18,177,57,35,353,114,70,706,57,35,353,28,18,177
24,France,2024-02-01,31,46,284,62,92,567,124,183,1135,62,92,567,31,46,284
24,Germany,2024-02-01,230,204,1366,460,408,2733,921,816,5466,460,408,2733,230,204,1366
24,Hungry,2024-02-01,22,9,310,43,18,619,87,36,1239,43,18,619,22,9,310
24,Moldova,2024-02-01,715,653,513,686,506,502,610,737,738,773,793,726,514,691,618
24,Poland,2024-02-01,21,38,164,43,76,329,85,152,658,43,76,329,21,38,164
24,Romania,2024-02-01,6,3,27,12,6,54,25,11,108,12,6,54,6,3,27
24,Slovakia,2024-02-01,2,0,43,5,0,86,10,0,173,5,0,86,2,0,43
24,Switzerland,2024-02-01,18,37,184,37,73,368,73,147,736,37,73,368,18,37,184
24,Ukraine,2024-02-01,657,537,729,550,763,782,526,725,776,785,596,783,646,503,534
24,UnitedState,2024-02-01,9,4,12,19,7,24,38,15,48,19,7,24,9,4,12
25,Austria,2024-03-01,22,40,120,44,79,240,88,159,480,44,79,240,22,40,120
25,Belgium,2024-03-01,34,30,156,68,60,313,136,120,626,68,60,313,34,30,156
25,Denmark,2024-03-01,37,14,197,74,27,395,149,54,790,74,27,395,37,14,197
25,France,2024-03-01,33,43,268,65,85,537,130,170,1073,65,85,537,33,43,268
25,Germany,2024-03-01,247,202,1492,494,404,2983,988,807,5967,494,404,2983,247,202,1492
25,Hungry,2024-03-01,18,13,223,37,26,446,74,53,892,37,26,446,18,13,223
25,Moldova,2024-03-01,527,701,538,772,730,585,625,799,524,644,512,711,524,567,566
25,Poland,2024-03-01,16,30,103,31,60,206,62,120,411,31,60,206,16,30,103
25,Romania,2024-03-01,7,6,32,15,11,64,29,23,129,15,11,64,7,6,32
25,Slovakia,2024-03-01,1,0,46,2,0,92,4,0,185,2,0,92,1,0,46
25,Switzerland,2024-03-01,22,50,196,44,100,392,88,200,784,44,100,392,22,50,196
25,Ukraine,2024-03-01,691,548,516,671,719,657,545,505,598,732,536,779,680,594,598
25,UnitedState,2024-03-01,19,8,31,38,16,62,76,32,124,38,16,62,19,8,31
26,Austria,2024-04-01,18,39,100,36,78,200,71,156,401,36,78,200,18,39,100
26,Belgium,2024-04-01,45,32,186,90,63,373,181,126,746,90,63,373,45,32,186
26,Denmark,2024-04-01,36,19,237,72,38,474,144,76,949,72,38,474,36,19,237
26,France,2024-04-01,39,49,274,78,98,549,157,196,1098,78,98,549,39,49,274
26,Germany,2024-04-01,232,203,1400,465,406,2800,930,813,5600,465,406,2800,232,203,1400
26,Hungry,2024-04-01,22,14,337,44,29,674,89,58,1348,44,29,674,22,14,337
26,Moldova,2024-04-01,732,608,645,610,727,610,533,610,763,735,582,541,600,505,679
26,Poland,2024-04-01,13,27,117,26,54,234,51,109,468,26,54,234,13,27,117
26,Romania,2024-04-01,17,10,48,34,20,96,68,40,192,34,20,96,17,10,48
26,Slovakia,2024-04-01,1,0,45,1,0,90,2,0,179,1,0,90,1,0,45
26,Switzerland,2024-04-01,20,32,204,40,64,407,80,129,814,40,64,407,20,32,204
26,Ukraine,2024-04-01,687,615,690,752,660,755,627,517,780,722,553,557,673,779,613
26,UnitedState,2024-04-01,21,12,31,42,23,62,84,47,124,42,23,62,21,12,31
27,Austria,2024-05-01,20,40,126,41,80,251,82,159,503,41,80,251,20,40,126
27,Belgium,2024-05-01,42,44,194,85,88,387,170,176,774,85,88,387,42,44,194
27,Denmark,2024-05-01,31,20,188,62,39,376,124,78,751,62,39,376,31,20,188
27,France,2024-05-01,30,46,258,59,91,515,118,182,1030,59,91,515,30,46,258
27,Germany,2024-05-01,232,177,1329,463,355,2658,927,709,5316,463,355,2658,232,177,1329
27,Hungry,2024-05-01,23,21,351,46,42,702,91,83,1405,46,42,702,23,21,351
27,Moldova,2024-05-01,781,725,728,788,649,776,697,569,611,503,594,651,636,746,742
27,Poland,2024-05-01,12,24,88,24,47,176,48,95,352,24,47,176,12,24,88
27,Romania,2024-05-01,13,6,54,26,12,109,52,23,218,26,12,109,13,6,54
27,Slovakia,2024-05-01,0,0,33,0,0,66,0,0,131,0,0,66,0,0,33
27,Switzerland,2024-05-01,19,31,212,37,63,424,75,125,848,37,63,424,19,31,212
27,Ukraine,2024-05-01,787,650,626,654,772,603,798,745,675,538,669,746,525,512,535
27,UnitedState,2024-05-01,28,10,38,55,19,76,110,38,152,55,19,76,28,10,38
28,Austria,2024-06-01,17,29,104,34,58,208,69,116,416,34,58,208,17,29,104
28,Belgium,2024-06-01,45,36,186,90,72,372,180,143,743,90,72,372,45,36,186
28,Denmark,2024-06-01,34,20,322,68,39,644,136,78,1288,68,39,644,34,20,322
28,France,2024-06-01,33,40,192,66,80,384,133,160,768,66,80,384,33,40,192
28,Germany,2024-06-01,210,176,1250,420,353,2500,840,706,5001,420,353,2500,210,176,1250
28,Hungry,2024-06-01,51,47,619,102,95,1238,205,189,2476,102,95,1238,51,47,619
28,Moldova,2024-06-01,530,539,728,535,722,505,719,574,503,633,617,593,561,693,702
28,Poland,2024-06-01,12,19,84,24,38,168,48,76,335,24,38,168,12,19,84
28,Romania,2024-06-01,20,6,31,39,12,62,78,23,123,39,12,62,20,6,31
28,Slovakia,2024-06-01,0,0,47,0,0,93,0,0,187,0,0,93,0,0,47
28,Switzerland,2024-06-01,14,31,198,28,62,395,57,124,790,28,62,395,14,31,198
28,Ukraine,2024-06-01,672,519,763,641,642,591,787,714,550,652,685,562,689,624,649
28,UnitedState,2024-06-01,26,8,26,52,16,53,104,32,106,52,16,53,26,8,26
29,Austria,2024-07-01,6,5,18,13,10,37,26,21,74,13,10,37,6,5,18
29,Belgium,2024-07-01,12,13,46,24,26,93,49,51,186,24,26,93,12,13,46
29,Denmark,2024-07-01,10,7,59,19,13,118,38,26,236,19,13,118,10,7,59
29,France,2024-07-01,22,32,146,44,63,291,87,126,582,44,63,291,22,32,146
29,Germany,2024-07-01,60,64,431,120,129,862,240,258,1724,120,129,862,60,64,431
29,Hungry,2024-07-01,7,9,45,13,17,90,27,34,180,13,17,90,7,9,45
29,Moldova,2024-07-01,525,672,799,632,617,774,711,724,519,612,639,546,500,589,641
29,Poland,2024-07-01,12,27,114,25,54,228,50,109,457,25,54,228,12,27,114
29,Romania,2024-07-01,6,1,11,13,2,23,26,4,45,13,2,23,6,1,11
29,Slovakia,2024-07-01,0,0,13,0,0,25,0,0,50,0,0,25,0,0,13
29,Switzerland,2024-07-01,15,25,180,30,50,360,60,100,720,30,50,360,15,25,180
29,Ukraine,2024-07-01,557,679,669,770,553,600,763,552,559,607,504,602,695,761,546
29,UnitedState,2024-07-01,4,1,4,9,2,9,18,3,17,9,2,9,4,1,4
3,Austria,2022-05-01,260,583,3231,520,1165,6462,1041,2330,12924,520,1165,6462,260,583,3231
3,Belgium,2022-05-01,200,126,417,400,253,834,800,506,1668,400,253,834,200,126,417
3,France,2022-05-01,267,183,592,534,366,1184,1067,732,2367,534,366,1184,267,183,592
3,Germany,2022-05-01,1159,794,4202,2317,1588,8404,4634,3175,16808,2317,1588,8404,1159,794,4202
3,Moldova,2022-05-01,537,792,638,758,660,677,509,760,637,671,512,667,629,583,600
3,Ukraine,2022-05-01,643,768,623,605,657,646,644,619,774,591,557,728,616,778,626
3,UnitedState,2022-05-01,348,189,318,696,379,636,1392,758,1273,696,379,636,348,189,318
30,Austria,2024-08-01,2,4,6,4,7,11,9,14,22,4,7,11,2,4,6
30,Belgium,2024-08-01,10,9,22,19,17,44,38,34,89,19,17,44,10,9,22
30,France,2024-08-01,12,26,127,25,52,255,50,105,510,25,52,255,12,26,127
30,Germany,2024-08-01,15,50,252,30,100,504,60,199,1008,30,100,504,15,50,252
30,Moldova,2024-08-01,772,764,537,593,594,568,735,636,575,534,500,795,559,766,728
30,Poland,2024-08-01,12,16,81,23,32,162,46,64,325,23,32,162,12,16,81
30,Switzerland,2024-08-01,12,22,144,24,44,289,47,89,577,24,44,289,12,22,144
30,Ukraine,2024-08-01,628,557,621,500,738,789,595,625,617,547,588,736,771,688,691
31,Austria,2024-09-01,0,0,0,0,1,1,0,1,1,0,1,1,0,0,0
31,Belgium,2024-09-01,1,0,3,3,1,6,5,2,13,3,1,6,1,0,3
31,France,2024-09-01,1,2,8,2,4,17,4,9,33,2,4,17,1,2,8
31,Germany,2024-09-01,1,5,31,3,11,61,6,22,123,3,11,61,1,5,31
31,Moldova,2024-09-01,769,785,790,712,664,504,577,561,631,588,736,541,588,795,794
31,Poland,2024-09-01,1,2,6,3,4,12,5,8,23,3,4,12,1,2,6
31,Switzerland,2024-09-01,1,1,25,2,3,50,5,6,100,2,3,50,1,1,25
31,Ukraine,2024-09-01,568,777,746,575,653,643,585,684,784,719,568,546,593,737,703
4,Austria,2022-06-01,154,447,3265,307,894,6531,615,1788,13062,307,894,6531,154,447,3265
4,Belgium,2022-06-01,135,82,327,269,165,653,538,330,1306,269,165,653,135,82,327
4,France,2022-06-01,211,140,550,422,281,1101,844,562,2202,422,281,1101,211,140,550
4,Germany,2022-06-01,798,615,3414,1597,1230,6828,3193,2460,13655,1597,1230,6828,798,615,3414
4,Moldova,2022-06-01,603,513,787,678,624,522,562,642,652,644,724,603,603,538,697
4,Slovakia,2022-06-01,10,3,18,21,6,35,42,12,71,21,6,35,10,3,18
4,Ukraine,2022-06-01,717,538,599,788,753,721,522,749,509,745,599,789,679,722,749
4,UnitedState,2022-06-01,168,88,176,336,176,351,673,352,702,336,176,351,168,88,176
5,Austria,2022-07-01,162,451,2537,325,901,5073,650,1803,10147,325,901,5073,162,451,2537
5,Belgium,2022-07-01,104,68,295,208,137,590,416,273,1180,208,137,590,104,68,295
5,France,2022-07-01,164,110,401,328,221,802,656,442,1604,328,221,802,164,110,401
5,Germany,2022-07-01,767,576,3330,1533,1153,6659,3066,2306,13318,1533,1153,6659,767,576,3330
5,Hungry,2022-07-01,4,1,1,9,1,3,18,3,5,9,1,3,4,1,1
5,Moldova,2022-07-01,633,566,678,541,514,610,656,788,730,656,537,596,788,753,695
5,Slovakia,2022-07-01,30,6,30,61,13,60,122,26,120,61,13,60,30,6,30
5,Ukraine,2022-07-01,646,595,756,503,515,779,746,757,659,651,677,662,532,678,600
5,UnitedState,2022-07-01,144,72,198,287,144,396,574,288,793,287,144,396,144,72,198
6,Austria,2022-08-01,148,372,2586,296,744,5173,592,1488,10346,296,744,5173,148,372,2586
6,Belgium,2022-08-01,113,90,398,226,180,795,452,360,1590,226,180,795,113,90,398
6,France,2022-08-01,163,108,364,325,216,729,651,433,1457,325,216,729,163,108,364
6,Germany,2022-08-01,750,591,3255,1499,1181,6510,2999,2363,13019,1499,1181,6510,750,591,3255
6,Hungry,2022-08-01,10,2,1,20,3,1,40,7,3,20,3,1,10,2,1
6,Moldova,2022-08-01,585,509,504,622,617,793,658,727,715,683,514,656,635,760,656
6,Romania,2022-08-01,0,0,0,0,1,0,0,1,0,0,1,0,0,0,0
6,Slovakia,2022-08-01,31,8,48,61,17,95,122,34,190,61,17,95,31,8,48
6,Switzerland,2022-08-01,107,149,455,213,298,909,426,596,1819,213,298,909,107,149,455
6,Ukraine,2022-08-01,767,564,667,542,543,784,511,594,752,741,534,714,589,763,592
6,UnitedState,2022-08-01,128,69,174,256,137,348,512,275,696,256,137,348,128,69,174
7,Austria,2022-09-01,110,262,2201,220,523,4402,439,1046,8805,220,523,4402,110,262,2201
7,Belgium,2022-09-01,133,104,456,266,208,912,533,416,1824,266,208,912,133,104,456
7,Denmark,2022-09-01,106,62,341,212,125,682,424,250,1364,212,125,682,106,62,341
7,France,2022-09-01,129,136,521,257,272,1043,515,544,2086,257,272,1043,129,136,521
7,Germany,2022-09-01,508,417,2398,1015,834,4796,2030,1669,9593,1015,834,4796,508,417,2398
7,Hungry,2022-09-01,7,1,3,15,1,6,29,2,12,15,1,6,7,1,3
7,Moldova,2022-09-01,546,672,629,594,614,742,791,781,798,782,568,647,510,753,537
7,Romania,2022-09-01,2,1,0,4,2,1,8,4,1,4,2,1,2,1,0
7,Slovakia,2022-09-01,14,8,34,28,16,68,55,32,136,28,16,68,14,8,34
7,Switzerland,2022-09-01,76,114,361,152,229,722,305,458,1444,152,229,722,76,114,361
7,Ukraine,2022-09-01,589,614,604,695,613,574,716,776,748,663,691,726,676,598,535
7,UnitedState,2022-09-01,104,54,245,207,107,490,414,214,981,207,107,490,104,54,245
8,Austria,2022-10-01,85,292,2643,169,584,5286,339,1168,10573,169,584,5286,85,292,2643
8,Belgium,2022-10-01,83,82,380,166,165,759,332,329,1518,166,165,759,83,82,380
8,Denmark,2022-10-01,120,47,402,240,95,804,480,189,1609,240,95,804,120,47,402
8,France,2022-10-01,154,214,853,307,427,1707,614,854,3413,307,427,1707,154,214,853
8,Germany,2022-10-01,525,348,2338,1050,696,4676,2100,1391,9352,1050,696,4676,525,348,2338
8,Hungry,2022-10-01,8,2,1,15,3,2,31,6,5,15,3,2,8,2,1
8,Moldova,2022-10-01,633,699,522,717,640,603,709,610,603,670,632,792,626,605,591
8,Romania,2022-10-01,1,1,1,2,2,3,5,4,5,2,2,3,1,1,1
8,Slovakia,2022-10-01,21,11,25,42,23,51,84,45,102,42,23,51,21,11,25
8,Switzerland,2022-10-01,68,108,398,136,216,796,272,432,1591,136,216,796,68,108,398
8,Ukraine,2022-10-01,595,651,650,689,723,536,767,682,512,778,716,785,772,561,583
8,UnitedState,2022-10-01,92,35,186,183,70,371,366,140,742,183,70,371,92,35,186
9,Austria,2022-11-01,70,198,2380,141,396,4760,282,792,9519,141,396,4760,70,198,2380
9,Belgium,2022-11-01,85,62,520,171,125,1040,342,250,2079,171,125,1040,85,62,520
9,Denmark,2022-11-01,85,43,436,169,86,873,339,172,1746,169,86,873,85,43,436
9,France,2022-11-01,116,204,952,231,408,1905,462,816,3809,231,408,1905,116,204,952
9,Germany,2022-11-01,456,332,2216,911,664,4432,1822,1327,8864,911,664,4432,456,332,2216
9,Hungry,2022-11-01,5,1,1,9,2,2,18,4,3,9,2,2,5,1,1
9,Moldova,2022-11-01,786,550,528,795,796,713,766,756,600,609,681,500,554,648,636
9,Romania,2022-11-01,3,2,3,6,5,7,12,10,14,6,5,7,3,2,3
9,Slovakia,2022-11-01,20,5,14,41,11,29,81,22,58,41,11,29,20,5,14
9,Switzerland,2022-11-01,47,84,315,93,168,631,187,336,1261,93,168,631,47,84,315
9,Ukraine,2022-11-01,716,686,518,676,599,732,575,764,783,705,722,551,643,568,598
9,UnitedState,2022-11-01,62,34,110,123,68,219,246,135,438,123,68,219,62,34,110
